<?xml version="1.0" encoding="UTF-8"?>
<office:document-content xmlns:office="urn:oasis:names:tc:opendocument:xmlns:office:1.0" xmlns:style="urn:oasis:names:tc:opendocument:xmlns:style:1.0" xmlns:text="urn:oasis:names:tc:opendocument:xmlns:text:1.0" xmlns:table="urn:oasis:names:tc:opendocument:xmlns:table:1.0" xmlns:draw="urn:oasis:names:tc:opendocument:xmlns:drawing:1.0" xmlns:fo="urn:oasis:names:tc:opendocument:xmlns:xsl-fo-compatible:1.0" xmlns:xlink="http://www.w3.org/1999/xlink" xmlns:dc="http://purl.org/dc/elements/1.1/" xmlns:meta="urn:oasis:names:tc:opendocument:xmlns:meta:1.0" xmlns:number="urn:oasis:names:tc:opendocument:xmlns:datastyle:1.0" xmlns:svg="urn:oasis:names:tc:opendocument:xmlns:svg-compatible:1.0" xmlns:chart="urn:oasis:names:tc:opendocument:xmlns:chart:1.0" xmlns:dr3d="urn:oasis:names:tc:opendocument:xmlns:dr3d:1.0" xmlns:math="http://www.w3.org/1998/Math/MathML" xmlns:form="urn:oasis:names:tc:opendocument:xmlns:form:1.0" xmlns:script="urn:oasis:names:tc:opendocument:xmlns:script:1.0" xmlns:ooo="http://openoffice.org/2004/office" xmlns:ooow="http://openoffice.org/2004/writer" xmlns:oooc="http://openoffice.org/2004/calc" xmlns:dom="http://www.w3.org/2001/xml-events" xmlns:xforms="http://www.w3.org/2002/xforms" xmlns:xsd="http://www.w3.org/2001/XMLSchema" xmlns:xsi="http://www.w3.org/2001/XMLSchema-instance" office:version="1.0"><office:scripts/><office:font-face-decls><style:font-face style:name="Luxi Sans1" svg:font-family="&apos;Luxi Sans&apos;"/><style:font-face style:name="Bitstream Vera Sans1" svg:font-family="&apos;Bitstream Vera Sans&apos;" style:font-pitch="variable"/><style:font-face style:name="Luxi Sans" svg:font-family="&apos;Luxi Sans&apos;" style:font-pitch="variable"/><style:font-face style:name="Nimbus Roman No9 L" svg:font-family="&apos;Nimbus Roman No9 L&apos;" style:font-family-generic="roman" style:font-pitch="variable"/><style:font-face style:name="Bitstream Vera Sans" svg:font-family="&apos;Bitstream Vera Sans&apos;" style:font-family-generic="swiss" style:font-pitch="variable"/></office:font-face-decls><office:automatic-styles><style:style style:name="Table1" style:family="table"><style:table-properties style:width="6.6924in" table:align="margins"/></style:style><style:style style:name="Table1.A" style:family="table-column"><style:table-column-properties style:column-width="2.2306in" style:rel-column-width="21845*"/></style:style><style:style style:name="Table1.A1" style:family="table-cell"><style:table-cell-properties fo:padding="0.0382in" fo:border-left="0.0007in solid #000000" fo:border-right="none" fo:border-top="0.0007in solid #000000" fo:border-bottom="0.0007in solid #000000"/></style:style><style:style style:name="Table1.C1" style:family="table-cell"><style:table-cell-properties fo:padding="0.0382in" fo:border="0.0007in solid #000000"/></style:style><style:style style:name="Table1.A2" style:family="table-cell"><style:table-cell-properties fo:padding="0.0382in" fo:border-left="0.0007in solid #000000" fo:border-right="none" fo:border-top="none" fo:border-bottom="0.0007in solid #000000"/></style:style><style:style style:name="Table1.C2" style:family="table-cell"><style:table-cell-properties fo:padding="0.0382in" fo:border-left="0.0007in solid #000000" fo:border-right="0.0007in solid #000000" fo:border-top="none" fo:border-bottom="0.0007in solid #000000"/></style:style></office:automatic-styles><office:body><office:text><text:sequence-decls><text:sequence-decl text:display-outline-level="0" text:name="Illustration"/><text:sequence-decl text:display-outline-level="0" text:name="Table"/><text:sequence-decl text:display-outline-level="0" text:name="Text"/><text:sequence-decl text:display-outline-level="0" text:name="Drawing"/></text:sequence-decls><table:table table:name="Table1" table:style-name="Table1"><table:table-column table:style-name="Table1.A" table:number-columns-repeated="3"/><table:table-header-rows><table:table-row><table:table-cell table:style-name="Table1.A1" office:value-type="string"><text:p text:style-name="Table_20_Heading">Part of Speech</text:p></table:table-cell><table:table-cell table:style-name="Table1.A1" office:value-type="string"><text:p text:style-name="Table_20_Heading">Unique</text:p></table:table-cell><table:table-cell table:style-name="Table1.C1" office:value-type="string"><text:p text:style-name="Table_20_Heading">Total Occurrences</text:p></table:table-cell></table:table-row></table:table-header-rows><table:table-row><table:table-cell table:style-name="Table1.A2" office:value-type="string"><text:p text:style-name="Table_20_Contents">Noun Forms</text:p></table:table-cell><table:table-cell table:style-name="Table1.A2" office:value-type="string"><text:p text:style-name="Table_20_Contents">141,557</text:p></table:table-cell><table:table-cell table:style-name="Table1.C2" office:value-type="string"><text:p text:style-name="Table_20_Contents">92,527,227</text:p></table:table-cell></table:table-row><table:table-row><table:table-cell table:style-name="Table1.A2" office:value-type="string"><text:p text:style-name="Table_20_Contents">Verb Forms</text:p></table:table-cell><table:table-cell table:style-name="Table1.A2" office:value-type="string"><text:p text:style-name="Table_20_Contents">15,473</text:p></table:table-cell><table:table-cell table:style-name="Table1.C2" office:value-type="string"><text:p text:style-name="Table_20_Contents">7,705,494</text:p></table:table-cell></table:table-row><table:table-row><table:table-cell table:style-name="Table1.A2" office:value-type="string"><text:p text:style-name="Table_20_Contents">Adjective</text:p></table:table-cell><table:table-cell table:style-name="Table1.A2" office:value-type="string"><text:p text:style-name="Table_20_Contents">14,094</text:p></table:table-cell><table:table-cell table:style-name="Table1.C2" office:value-type="string"><text:p text:style-name="Table_20_Contents">9,423,254</text:p></table:table-cell></table:table-row><table:table-row><table:table-cell table:style-name="Table1.A2" office:value-type="string"><text:p text:style-name="Table_20_Contents">Other</text:p></table:table-cell><table:table-cell table:style-name="Table1.A2" office:value-type="string"><text:p text:style-name="Table_20_Contents">2,458</text:p></table:table-cell><table:table-cell table:style-name="Table1.C2" office:value-type="string"><text:p text:style-name="Table_20_Contents">29,636,975</text:p></table:table-cell></table:table-row><table:table-row><table:table-cell table:style-name="Table1.A2" office:value-type="string"><text:p text:style-name="Table_20_Contents">Adverb</text:p></table:table-cell><table:table-cell table:style-name="Table1.A2" office:value-type="string"><text:p text:style-name="Table_20_Contents">2,223</text:p></table:table-cell><table:table-cell table:style-name="Table1.C2" office:value-type="string"><text:p text:style-name="Table_20_Contents">826,975</text:p></table:table-cell></table:table-row></table:table><text:p text:style-name="Standard"/></office:text></office:body></office:document-content>